timestamp,latitude,longitude,altitude,speed,course,hacc
1668507008226,45.47844,9.22588,176.465,0.000,0.000,3.000
1668507009212,45.47843,9.22588,171.723,0.000,0.000,4.000
1668507010239,45.47843,9.22587,167.698,0.000,0.000,4.000
1668507011239,45.47844,9.22585,167.296,0.000,0.000,8.000
1668507012239,45.47844,9.22584,165.632,0.000,0.000,8.000
1668507012999,45.47845,9.22583,164.246,0.000,0.000,6.000
1668507013999,45.47846,9.22583,163.715,0.000,0.000,6.000
1668507014999,45.47846,9.22584,163.202,0.000,0.000,6.000
1668507015999,45.47847,9.22584,162.286,0.857,49.101,6.000
1668507016999,45.47848,9.22585,161.954,0.480,43.634,6.000
1668507017999,45.47848,9.22585,162.061,0.461,43.536,6.000
1668507018999,45.47849,9.22586,162.353,0.554,49.065,6.000
1668507019999,45.47849,9.22587,162.456,0.622,47.033,6.000
1668507020999,45.47850,9.22588,162.582,0.603,46.791,6.000
1668507021999,45.47850,9.22588,162.694,0.593,47.433,6.000
1668507022999,45.47851,9.22588,162.642,0.561,47.583,6.000
1668507023999,45.47851,9.22589,162.644,0.602,48.901,6.000
1668507024999,45.47852,9.22589,162.576,0.717,47.973,6.000
1668507025999,45.47852,9.22590,162.715,0.618,51.682,6.000
1668507026999,45.47853,9.22591,162.466,0.738,50.082,6.000
1668507027999,45.47853,9.22592,162.169,0.687,51.706,6.000
1668507028999,45.47854,9.22592,162.037,0.616,59.240,4.000
1668507029999,45.47854,9.22593,162.171,0.812,63.364,4.000
1668507030999,45.47854,9.22594,162.206,0.730,64.267,4.000
1668507031999,45.47855,9.22595,162.278,0.586,60.646,4.000
1668507032999,45.47855,9.22596,162.107,0.772,61.983,4.000
1668507033999,45.47855,9.22597,162.038,0.789,66.207,4.000
1668507034999,45.47856,9.22597,161.817,0.698,63.110,4.000
1668507035999,45.47856,9.22598,161.585,0.760,63.834,4.000
1668507036999,45.47857,9.22599,161.443,0.551,63.240,4.000
1668507037999,45.47857,9.22599,161.500,0.731,78.550,4.000
1668507038999,45.47857,9.22600,161.379,0.639,73.250,4.000
1668507039999,45.47858,9.22601,161.086,0.756,80.681,4.000
1668507040999,45.47858,9.22602,161.182,0.726,65.297,4.000
1668507041999,45.47858,9.22603,161.270,0.695,60.551,4.000
1668507042999,45.47859,9.22603,161.244,0.644,60.984,4.000
1668507043999,45.47859,9.22604,161.276,0.738,62.383,4.000
1668507044999,45.47859,9.22605,161.200,0.737,57.906,4.000
1668507045999,45.47860,9.22605,161.192,0.698,59.858,4.000
1668507046999,45.47860,9.22606,161.276,0.682,65.782,4.000
1668507047999,45.47861,9.22607,161.211,0.701,63.947,4.000
1668507048999,45.47860,9.22608,161.391,0.718,63.505,4.000
1668507049999,45.47861,9.22609,161.600,0.758,54.718,4.000
1668507050999,45.47861,9.22610,161.472,0.766,64.166,4.000
1668507051999,45.47861,9.22611,161.307,0.791,65.608,4.000
1668507052999,45.47862,9.22612,161.232,0.781,71.216,4.000
1668507053999,45.47862,9.22613,161.212,0.801,71.327,4.000
1668507054999,45.47862,9.22614,161.160,0.811,71.837,4.000
1668507055999,45.47863,9.22615,161.079,0.809,74.515,4.000
1668507056999,45.47863,9.22616,160.883,0.794,73.412,4.000
1668507057999,45.47863,9.22617,160.963,0.800,73.796,4.000
1668507058999,45.47863,9.22618,160.993,0.800,74.351,4.000
1668507059999,45.47863,9.22619,161.003,0.799,80.865,4.000
1668507060999,45.47864,9.22620,160.832,0.808,82.711,4.000
1668507061999,45.47864,9.22621,160.793,0.812,81.437,4.000
1668507062999,45.47864,9.22622,160.796,0.819,81.651,4.000
1668507063999,45.47864,9.22623,160.772,0.813,77.954,4.000
1668507064999,45.47864,9.22624,160.628,0.819,79.021,4.000
1668507065999,45.47864,9.22626,160.565,0.829,79.988,4.000
1668507066999,45.47864,9.22627,160.504,0.845,80.512,4.000
1668507067999,45.47865,9.22628,160.637,0.856,88.605,4.000
1668507068999,45.47865,9.22629,160.712,0.861,86.541,4.000
1668507069999,45.47865,9.22630,160.643,0.851,86.803,4.000
1668507070999,45.47864,9.22631,160.557,0.831,87.453,4.000
1668507071999,45.47864,9.22632,160.388,0.814,86.590,4.000
1668507072999,45.47864,9.22633,160.297,0.800,88.093,4.000
1668507073999,45.47864,9.22634,160.197,0.791,91.276,4.000
1668507074999,45.47864,9.22635,160.157,0.772,92.686,4.000
1668507075999,45.47864,9.22635,160.233,0.767,91.941,4.000
1668507076999,45.47864,9.22636,160.194,0.765,89.453,4.000
1668507077999,45.47864,9.22637,160.222,0.761,91.510,4.000
1668507078999,45.47864,9.22638,160.222,0.756,94.541,4.000
1668507079999,45.47864,9.22639,160.172,0.754,95.092,4.000
1668507080999,45.47864,9.22640,160.176,0.760,95.837,4.000
1668507081999,45.47864,9.22641,160.266,0.767,96.907,4.000
1668507082999,45.47864,9.22642,160.253,0.771,96.408,4.000
1668507083999,45.47864,9.22643,160.266,0.770,95.232,4.000
1668507084999,45.47864,9.22644,160.298,0.775,94.040,4.000
1668507085999,45.47863,9.22645,160.450,0.780,92.881,4.000
1668507086999,45.47863,9.22646,160.513,0.773,93.239,4.000
1668507087999,45.47863,9.22647,160.569,0.748,93.561,4.000
1668507088999,45.47863,9.22648,160.685,0.735,97.963,4.000
1668507089999,45.47863,9.22648,160.587,0.733,98.734,4.000
1668507090999,45.47863,9.22650,160.616,0.750,98.888,4.000
1668507091999,45.47863,9.22651,160.670,0.749,98.522,4.000
1668507092999,45.47863,9.22652,160.785,0.752,98.668,4.000
1668507093999,45.47863,9.22652,160.800,0.741,99.300,4.000
1668507094999,45.47863,9.22653,160.915,0.749,102.416,4.000
1668507095999,45.47863,9.22655,160.925,0.762,101.708,4.000
1668507096999,45.47863,9.22656,160.990,0.771,99.860,4.000
1668507097999,45.47862,9.22657,160.808,0.772,102.177,4.000
1668507098999,45.47862,9.22658,160.695,0.779,104.310,4.000
1668507099999,45.47862,9.22659,160.623,0.782,107.235,4.000
1668507100999,45.47862,9.22660,160.637,0.799,106.049,4.000
1668507101999,45.47861,9.22661,160.671,0.808,105.642,4.000
1668507102999,45.47861,9.22662,160.659,0.802,109.723,4.000
1668507103999,45.47861,9.22663,160.747,0.808,113.488,4.000
1668507104999,45.47860,9.22664,160.892,0.812,114.209,4.000
1668507105999,45.47860,9.22665,160.933,0.801,114.087,4.000
1668507106999,45.47860,9.22666,160.953,0.803,109.043,4.000
1668507107999,45.47859,9.22667,160.798,0.798,112.964,4.000
1668507108999,45.47859,9.22667,160.766,0.792,113.986,4.000
1668507109999,45.47859,9.22668,161.036,0.795,118.713,4.000
1668507110999,45.47858,9.22669,161.124,0.790,118.801,4.000
1668507111999,45.47858,9.22670,161.094,0.788,120.496,4.000
1668507112999,45.47858,9.22671,161.123,0.784,120.826,4.000
1668507113999,45.47857,9.22671,160.946,0.789,124.753,4.000
1668507114999,45.47857,9.22672,160.800,0.756,125.626,4.000
1668507115999,45.47857,9.22672,160.756,0.699,126.109,4.000
1668507116999,45.47856,9.22673,160.744,0.651,118.650,4.000
1668507117999,45.47856,9.22673,160.805,0.637,118.353,4.000
1668507118999,45.47856,9.22674,160.850,0.628,125.890,4.000
1668507119999,45.47856,9.22674,161.119,0.597,124.928,4.000
1668507120999,45.47856,9.22675,161.034,0.299,124.928,4.000
1668507121999,45.47856,9.22675,161.033,0.292,123.185,4.000
1668507122999,45.47855,9.22675,161.049,0.290,102.838,4.000
1668507123999,45.47855,9.22676,161.052,0.299,137.347,4.000
1668507124999,45.47855,9.22676,160.965,0.413,124.023,4.000
1668507125999,45.47855,9.22677,160.891,0.444,125.364,4.000
1668507126999,45.47854,9.22677,160.923,0.455,126.784,4.000
1668507127999,45.47854,9.22678,160.963,0.504,133.602,4.000
1668507128999,45.47854,9.22678,161.264,0.531,150.085,4.000
1668507129999,45.47853,9.22678,161.463,0.650,149.118,4.000
1668507130999,45.47852,9.22679,161.470,0.719,151.814,4.000
1668507131999,45.47852,9.22680,161.538,0.728,152.058,4.000
1668507132999,45.47851,9.22680,161.699,0.758,151.341,4.000
1668507133999,45.47850,9.22681,161.837,0.762,149.444,4.000
1668507134999,45.47850,9.22682,161.940,0.770,151.789,4.000
1668507135999,45.47849,9.22682,161.958,0.761,153.317,4.000
1668507136999,45.47849,9.22682,162.109,0.732,155.168,4.000
1668507137999,45.47848,9.22683,162.231,0.711,151.432,4.000
1668507138999,45.47848,9.22683,162.229,0.671,151.737,4.000
1668507139999,45.47847,9.22683,162.229,0.628,151.737,4.000
1668507140999,45.47847,9.22683,162.175,0.481,156.462,4.000
1668507141999,45.47847,9.22684,162.099,0.468,158.020,4.000
1668507142999,45.47847,9.22684,161.968,0.524,152.657,4.000
1668507143999,45.47846,9.22684,161.991,0.505,157.614,4.000
1668507144999,45.47846,9.22684,161.693,0.438,158.134,4.000
1668507145999,45.47845,9.22684,161.605,0.438,158.443,4.000
1668507146999,45.47845,9.22684,161.669,0.436,152.856,4.000
1668507147999,45.47845,9.22685,161.302,0.373,152.693,4.000
1668507148999,45.47844,9.22685,161.427,0.437,163.667,4.000
1668507149999,45.47844,9.22685,161.441,0.447,166.101,4.000
1668507150999,45.47843,9.22685,161.444,0.415,165.530,4.000
1668507151999,45.47843,9.22685,161.434,0.441,161.576,4.000
1668507152999,45.47842,9.22685,161.440,0.345,161.576,4.000
1668507153999,45.47842,9.22686,161.404,0.361,167.524,4.000
1668507154999,45.47841,9.22686,161.507,0.443,156.916,4.000
1668507155999,45.47841,9.22686,161.323,0.523,156.154,4.000
1668507156999,45.47840,9.22686,161.344,0.563,156.210,6.000
1668507157999,45.47840,9.22686,161.165,0.493,157.036,6.000
1668507158999,45.47839,9.22686,161.242,0.449,157.187,4.000
1668507159999,45.47839,9.22686,161.256,0.465,151.074,4.000
1668507160999,45.47838,9.22686,161.252,0.304,151.074,4.000
1668507161999,45.47838,9.22686,161.216,0.377,154.431,4.000
1668507162999,45.47837,9.22687,161.248,0.275,154.431,4.000
1668507163999,45.47837,9.22687,161.267,0.410,160.020,4.000
1668507164999,45.47837,9.22687,161.132,0.456,160.003,4.000
1668507165999,45.47836,9.22687,160.785,0.466,160.581,4.000
1668507166999,45.47836,9.22687,160.910,0.480,160.432,4.000
1668507167999,45.47836,9.22687,160.961,0.483,160.807,4.000
1668507168999,45.47835,9.22687,161.070,0.496,169.220,4.000
1668507169999,45.47835,9.22687,161.143,0.506,164.227,6.000
1668507170999,45.47834,9.22688,161.195,0.530,163.488,6.000
1668507171999,45.47834,9.22688,161.222,0.491,163.488,4.000
1668507172999,45.47834,9.22689,161.095,0.375,164.348,4.000
1668507173999,45.47833,9.22689,161.132,0.436,176.540,4.000
1668507174999,45.47833,9.22689,161.068,0.469,168.708,6.000
1668507175999,45.47832,9.22689,161.100,0.425,169.852,6.000
1668507176999,45.47832,9.22690,160.864,0.465,170.531,6.000
1668507177999,45.47832,9.22690,160.608,0.416,164.275,6.000
1668507178999,45.47831,9.22690,160.815,0.443,164.198,6.000
1668507179999,45.47831,9.22690,160.789,0.341,164.198,6.000
1668507180999,45.47830,9.22691,160.830,0.396,167.900,4.000
1668507181999,45.47830,9.22691,160.676,0.447,173.515,4.000
1668507182999,45.47830,9.22691,160.723,0.337,173.515,4.000
1668507183999,45.47829,9.22691,160.853,0.345,175.212,4.000
1668507184999,45.47829,9.22691,160.983,0.416,174.383,4.000
1668507185999,45.47828,9.22691,160.729,0.433,173.326,4.000
1668507186999,45.47828,9.22691,160.857,0.457,174.270,4.000
1668507187999,45.47827,9.22691,160.950,0.474,175.497,4.000
1668507188999,45.47827,9.22691,161.007,0.468,175.702,4.000
1668507189999,45.47827,9.22691,160.917,0.463,173.199,4.000
1668507190999,45.47826,9.22691,160.996,0.462,170.881,4.000
1668507191999,45.47826,9.22691,160.983,0.466,169.719,4.000
1668507192999,45.47825,9.22691,161.021,0.374,169.719,4.000
1668507193999,45.47825,9.22692,161.066,0.322,169.719,4.000
1668507194999,45.47825,9.22692,161.343,0.350,170.816,4.000
1668507195999,45.47824,9.22691,161.182,0.303,170.816,4.000
1668507196999,45.47824,9.22691,161.338,0.313,170.614,4.000
1668507197999,45.47824,9.22691,161.421,0.241,170.614,4.000
1668507198999,45.47824,9.22691,161.450,0.069,170.614,4.000
1668507199999,45.47824,9.22691,161.489,0.004,170.614,4.000
1668507200999,45.47824,9.22691,161.494,0.164,170.614,4.000
1668507201999,45.47824,9.22691,161.653,0.026,170.614,4.000
1668507202999,45.47824,9.22691,161.624,0.006,170.614,4.000
1668507203999,45.47825,9.22690,161.617,0.007,170.614,4.000
1668507204999,45.47825,9.22690,161.604,0.148,170.614,4.000
1668507205999,45.47825,9.22690,161.557,0.059,170.614,4.000
1668507206999,45.47825,9.22690,161.305,0.137,170.614,4.000
1668507207999,45.47825,9.22690,161.321,0.032,170.614,4.000
1668507208999,45.47825,9.22690,161.391,0.009,170.614,4.000
1668507209999,45.47825,9.22690,161.131,0.126,170.614,4.000
1668507210999,45.47825,9.22690,161.132,0.042,170.614,4.000
1668507212000,45.47825,9.22691,161.005,0.146,170.614,4.000
1668507213000,45.47825,9.22691,160.855,0.145,170.614,4.000
1668507214000,45.47824,9.22691,160.877,0.195,170.614,4.000
1668507215000,45.47824,9.22691,160.853,0.249,173.227,4.000
1668507216000,45.47824,9.22691,160.625,0.300,173.755,4.000
1668507217000,45.47823,9.22691,160.702,0.251,173.755,4.000
1668507218000,45.47823,9.22690,160.808,0.383,173.008,4.000
1668507219000,45.47822,9.22691,160.766,0.459,171.172,4.000
1668507220000,45.47822,9.22691,160.712,0.511,171.736,4.000
1668507221000,45.47821,9.22691,160.797,0.576,170.647,4.000
1668507222000,45.47820,9.22691,160.823,0.564,170.602,4.000
1668507223000,45.47820,9.22691,160.850,0.549,173.660,4.000
1668507224000,45.47820,9.22690,160.862,0.410,173.660,4.000
1668507225000,45.47820,9.22690,160.842,0.043,173.660,4.000
1668507226000,45.47820,9.22691,161.004,0.320,173.660,4.000
1668507227000,45.47820,9.22690,160.788,0.239,173.660,4.000
1668507228000,45.47820,9.22690,160.773,0.332,186.576,4.000
1668507229000,45.47820,9.22689,160.941,0.463,259.864,4.000
1668507230000,45.47820,9.22688,160.921,0.389,262.851,4.000
1668507231000,45.47820,9.22688,160.928,0.382,269.043,4.000
1668507232000,45.47820,9.22687,161.000,0.430,265.796,4.000
1668507233000,45.47820,9.22687,160.829,0.434,265.599,4.000
1668507234000,45.47820,9.22686,160.880,0.326,265.599,4.000
1668507235000,45.47820,9.22686,160.619,0.373,268.205,4.000
1668507236000,45.47820,9.22685,160.690,0.288,268.205,4.000
1668507237000,45.47820,9.22684,160.779,0.314,271.374,4.000
1668507238000,45.47820,9.22684,160.800,0.212,271.374,4.000
1668507239000,45.47820,9.22683,160.669,0.318,270.965,4.000
1668507240000,45.47820,9.22683,160.495,0.244,270.965,4.000
1668507241000,45.47820,9.22683,160.524,0.169,270.965,4.000
1668507242000,45.47820,9.22683,160.717,0.136,270.965,4.000
1668507243000,45.47820,9.22683,160.646,0.060,270.965,4.000
1668507244000,45.47820,9.22683,160.669,0.013,270.965,4.000
1668507245000,45.47820,9.22683,160.730,0.259,265.145,4.000
1668507246000,45.47819,9.22683,160.682,0.216,265.145,4.000
1668507247000,45.47819,9.22683,160.527,0.264,251.376,4.000
1668507248000,45.47819,9.22683,160.358,0.320,241.274,4.000
1668507249000,45.47819,9.22683,160.429,0.239,241.274,4.000
1668507250000,45.47818,9.22683,160.443,0.333,228.276,4.000
1668507251000,45.47818,9.22683,160.495,0.394,218.197,4.000
1668507252000,45.47817,9.22683,160.280,0.392,214.600,4.000
1668507253000,45.47817,9.22683,159.987,0.370,199.383,4.000
1668507254000,45.47817,9.22682,160.027,0.411,195.594,6.000
1668507255000,45.47816,9.22683,160.146,0.489,178.912,6.000
1668507256000,45.47815,9.22682,160.189,0.500,177.748,6.000
1668507257000,45.47815,9.22683,160.243,0.497,178.976,6.000
1668507258000,45.47814,9.22682,160.267,0.487,175.934,4.000
1668507259000,45.47814,9.22683,160.402,0.497,171.733,4.000
1668507260000,45.47813,9.22683,160.490,0.507,179.734,4.000
1668507261000,45.47813,9.22683,160.415,0.547,180.451,4.000
1668507262000,45.47812,9.22683,160.440,0.529,179.114,4.000
1668507263000,45.47812,9.22683,160.545,0.517,177.322,4.000
1668507264000,45.47811,9.22682,160.713,0.627,177.873,4.000
1668507265000,45.47811,9.22682,160.673,0.581,177.032,4.000
1668507266000,45.47810,9.22682,160.888,0.588,174.829,4.000
1668507267000,45.47810,9.22683,161.029,0.583,176.026,4.000
1668507268000,45.47809,9.22683,161.067,0.555,177.991,4.000
1668507269000,45.47809,9.22683,160.978,0.559,175.546,4.000
1668507270000,45.47808,9.22683,161.007,0.544,177.089,4.000
1668507271000,45.47808,9.22683,160.692,0.546,189.159,4.000
1668507272000,45.47807,9.22682,160.670,0.525,184.071,4.000
1668507273000,45.47807,9.22682,160.736,0.510,183.321,4.000
1668507274000,45.47807,9.22682,160.776,0.488,179.494,4.000
1668507275000,45.47806,9.22683,160.702,0.430,170.420,4.000
1668507276000,45.47806,9.22683,160.748,0.301,170.420,6.000
1668507277000,45.47806,9.22683,160.443,0.318,180.447,4.000
1668507278000,45.47805,9.22683,160.400,0.404,184.221,4.000
1668507279000,45.47805,9.22683,160.427,0.435,184.223,4.000
1668507280000,45.47804,9.22683,160.401,0.403,181.312,4.000
1668507281000,45.47804,9.22683,160.332,0.422,180.878,4.000
1668507282000,45.47804,9.22683,160.462,0.469,177.867,4.000
1668507283000,45.47803,9.22683,160.292,0.475,177.442,4.000
1668507284000,45.47803,9.22683,160.295,0.469,178.664,4.000
1668507285000,45.47802,9.22683,160.185,0.457,177.428,4.000
1668507286000,45.47802,9.22683,160.068,0.489,180.686,4.000
1668507287000,45.47802,9.22683,160.129,0.508,181.015,4.000
1668507288000,45.47801,9.22682,160.205,0.500,181.449,4.000
1668507289000,45.47801,9.22683,160.252,0.502,174.938,4.000
1668507290000,45.47800,9.22683,160.120,0.460,173.395,4.000
1668507291000,45.47800,9.22683,159.793,0.407,175.287,4.000
1668507292000,45.47800,9.22683,159.836,0.259,175.287,4.000
1668507293000,45.47800,9.22684,159.896,0.339,158.188,4.000
1668507294000,45.47800,9.22684,159.765,0.333,147.117,4.000
1668507295000,45.47800,9.22684,159.795,0.268,147.117,6.000
1668507296000,45.47800,9.22684,159.156,0.033,147.117,6.000
1668507297000,45.47800,9.22686,159.348,0.445,94.459,6.000
1668507298000,45.47800,9.22687,159.414,0.488,85.534,6.000
1668507299000,45.47800,9.22688,159.560,0.538,96.253,6.000
1668507300000,45.47800,9.22688,159.259,0.458,93.867,6.000
1668507301000,45.47800,9.22689,159.294,0.504,93.921,6.000
1668507302000,45.47800,9.22689,159.416,0.516,95.117,6.000
1668507303000,45.47800,9.22690,159.371,0.447,95.310,4.000
1668507304000,45.47800,9.22690,159.385,0.396,96.201,6.000
1668507305000,45.47800,9.22691,159.402,0.281,96.201,4.000
1668507306000,45.47800,9.22691,159.337,0.335,102.648,4.000
1668507307000,45.47800,9.22691,159.414,0.025,102.648,4.000
1668507308000,45.47799,9.22691,159.586,0.437,179.952,6.000
1668507309000,45.47799,9.22691,159.570,0.508,185.802,6.000
1668507310000,45.47798,9.22691,159.665,0.553,187.078,6.000
1668507311000,45.47797,9.22691,159.725,0.600,188.665,6.000
1668507312000,45.47797,9.22691,159.685,0.654,187.116,4.000
1668507313000,45.47796,9.22691,159.729,0.652,187.236,4.000
1668507314000,45.47795,9.22691,159.765,0.658,187.716,4.000
1668507315000,45.47795,9.22691,159.694,0.625,189.120,6.000
1668507316000,45.47794,9.22691,159.787,0.633,184.307,6.000
1668507317000,45.47794,9.22690,159.914,0.636,186.344,4.000
1668507318000,45.47793,9.22690,159.947,0.633,185.934,6.000
1668507319000,45.47793,9.22690,160.046,0.631,186.136,4.000
1668507320000,45.47792,9.22690,160.060,0.644,189.906,4.000
1668507321000,45.47791,9.22690,160.233,0.656,186.438,4.000
1668507322000,45.47791,9.22690,160.223,0.657,189.880,6.000
1668507323000,45.47790,9.22690,160.263,0.676,189.668,6.000
1668507324000,45.47789,9.22689,160.298,0.680,188.785,6.000
1668507325000,45.47789,9.22689,160.067,0.659,188.774,6.000
1668507326000,45.47789,9.22689,160.025,0.664,190.856,4.000
1668507327000,45.47788,9.22689,160.050,0.663,190.990,4.000
1668507328000,45.47787,9.22688,160.095,0.663,191.065,4.000
1668507329000,45.47787,9.22688,160.330,0.673,192.695,4.000
1668507330000,45.47786,9.22688,160.247,0.675,189.564,4.000
1668507331000,45.47785,9.22688,160.107,0.686,190.189,4.000
1668507332000,45.47785,9.22688,160.094,0.685,189.224,8.000
1668507333000,45.47784,9.22688,160.076,0.679,188.942,8.000
1668507334000,45.47784,9.22687,160.116,0.678,190.915,4.000
1668507335000,45.47783,9.22687,160.142,0.676,194.750,6.000
1668507336000,45.47782,9.22687,160.161,0.679,194.158,6.000
1668507337000,45.47782,9.22687,160.031,0.671,195.955,6.000
1668507338000,45.47781,9.22687,160.070,0.662,194.517,4.000
1668507339000,45.47781,9.22687,160.320,0.667,194.437,4.000
1668507340000,45.47780,9.22686,160.405,0.663,194.626,6.000
1668507341000,45.47780,9.22686,160.435,0.653,195.435,6.000
1668507342000,45.47779,9.22686,160.513,0.656,200.415,6.000
1668507343000,45.47779,9.22686,160.442,0.644,200.552,6.000
1668507344000,45.47778,9.22686,160.482,0.637,197.608,4.000
1668507345000,45.47777,9.22685,160.521,0.638,201.753,4.000
1668507346000,45.47777,9.22685,160.651,0.640,202.056,4.000
1668507347000,45.47776,9.22685,160.795,0.641,201.270,4.000
1668507348000,45.47776,9.22684,160.662,0.650,203.822,4.000
1668507349000,45.47775,9.22684,160.554,0.655,203.127,4.000
1668507350000,45.47775,9.22684,160.555,0.652,203.775,4.000
1668507351000,45.47774,9.22683,160.558,0.649,203.743,4.000
1668507352000,45.47774,9.22683,160.593,0.654,204.496,4.000
1668507353000,45.47773,9.22682,160.606,0.660,206.315,4.000
1668507354000,45.47773,9.22682,160.472,0.663,207.654,4.000
1668507355000,45.47772,9.22682,160.529,0.657,207.430,4.000
1668507356000,45.47772,9.22681,160.374,0.658,203.941,4.000
1668507357000,45.47771,9.22681,160.472,0.661,207.284,4.000
1668507358000,45.47770,9.22680,160.481,0.666,203.188,4.000
1668507359000,45.47770,9.22680,160.469,0.679,205.073,4.000
1668507360000,45.47769,9.22680,160.375,0.682,204.190,4.000
1668507361000,45.47769,9.22679,160.377,0.679,204.760,4.000
1668507362000,45.47768,9.22679,160.402,0.683,205.250,4.000
1668507363000,45.47768,9.22678,160.496,0.694,207.611,4.000
1668507364000,45.47767,9.22678,160.515,0.692,208.448,4.000
1668507365000,45.47766,9.22677,160.329,0.688,214.377,4.000
1668507366000,45.47766,9.22676,160.325,0.680,237.318,4.000
1668507367000,45.47766,9.22676,160.584,0.685,235.741,4.000
1668507368000,45.47765,9.22675,160.551,0.684,232.732,4.000
1668507369000,45.47765,9.22674,160.540,0.681,236.686,4.000
1668507370000,45.47765,9.22674,160.672,0.679,235.484,4.000
1668507371000,45.47764,9.22673,160.665,0.672,233.172,4.000
1668507372000,45.47764,9.22673,160.535,0.660,234.843,4.000
1668507373000,45.47764,9.22672,160.560,0.665,236.520,4.000
1668507374000,45.47763,9.22671,160.618,0.655,232.366,4.000
1668507375000,45.47763,9.22670,160.644,0.663,236.919,4.000
1668507376000,45.47763,9.22670,160.666,0.661,243.289,4.000
1668507377000,45.47762,9.22669,160.635,0.649,241.659,4.000
1668507378000,45.47762,9.22668,160.629,0.651,243.834,4.000
1668507379000,45.47762,9.22667,160.766,0.656,244.826,4.000
1668507380000,45.47762,9.22667,160.797,0.656,245.684,4.000
1668507381000,45.47762,9.22666,160.801,0.650,244.833,4.000
1668507382000,45.47761,9.22665,160.941,0.656,244.780,4.000
1668507383000,45.47761,9.22664,160.876,0.664,243.812,4.000
1668507384000,45.47761,9.22663,160.899,0.669,243.591,4.000
1668507385000,45.47761,9.22663,160.827,0.661,249.354,4.000
1668507386000,45.47760,9.22662,160.829,0.665,251.302,4.000
1668507387000,45.47760,9.22661,160.798,0.674,247.470,4.000
1668507388000,45.47760,9.22660,160.843,0.697,248.991,4.000
1668507389000,45.47760,9.22659,160.871,0.706,246.482,4.000
1668507390000,45.47759,9.22658,160.883,0.695,246.353,4.000
1668507391000,45.47759,9.22657,160.979,0.681,248.987,4.000
1668507392000,45.47759,9.22657,161.083,0.677,246.235,4.000
1668507393000,45.47759,9.22656,161.003,0.689,252.898,4.000
1668507394000,45.47759,9.22655,161.137,0.690,255.583,4.000
1668507395000,45.47759,9.22654,161.038,0.690,253.327,4.000
1668507396000,45.47759,9.22653,161.019,0.685,255.249,6.000
1668507397000,45.47758,9.22652,161.021,0.679,255.904,4.000
1668507398000,45.47758,9.22652,161.018,0.664,261.036,4.000
1668507399000,45.47758,9.22651,161.100,0.668,265.009,4.000
1668507400000,45.47759,9.22650,161.055,0.677,263.758,4.000
1668507401000,45.47758,9.22649,161.072,0.690,263.234,4.000
1668507402000,45.47758,9.22648,161.134,0.685,265.479,4.000
1668507403000,45.47758,9.22647,161.212,0.695,263.191,4.000
1668507404000,45.47758,9.22646,161.147,0.693,254.372,4.000
1668507405000,45.47758,9.22645,161.175,0.706,254.355,4.000
1668507406000,45.47758,9.22644,161.190,0.686,255.597,4.000
1668507407000,45.47758,9.22643,161.191,0.692,258.686,4.000
1668507408000,45.47758,9.22642,161.205,0.717,258.382,4.000
1668507409000,45.47757,9.22641,161.133,0.718,257.656,4.000
1668507410000,45.47757,9.22640,161.132,0.725,265.239,4.000
1668507411000,45.47757,9.22639,160.979,0.731,261.215,4.000
1668507412000,45.47757,9.22638,161.010,0.734,261.575,4.000
1668507413000,45.47757,9.22637,160.974,0.738,263.507,4.000
1668507414000,45.47757,9.22636,160.967,0.735,264.320,4.000
1668507415000,45.47757,9.22635,160.972,0.737,264.798,4.000
1668507416000,45.47757,9.22634,161.095,0.728,262.396,4.000
1668507417000,45.47757,9.22633,161.046,0.740,267.936,4.000
1668507418000,45.47757,9.22632,160.919,0.744,266.138,4.000
1668507419000,45.47757,9.22631,160.901,0.742,269.260,4.000
1668507420000,45.47757,9.22630,160.913,0.747,266.113,4.000
1668507421000,45.47757,9.22629,160.932,0.739,266.134,4.000
1668507422000,45.47757,9.22628,160.910,0.747,264.872,4.000
1668507423000,45.47758,9.22627,161.073,0.753,270.523,4.000
1668507424000,45.47758,9.22626,161.080,0.763,272.125,4.000
1668507425000,45.47758,9.22625,161.143,0.772,272.931,4.000
1668507426000,45.47758,9.22624,161.126,0.774,272.320,4.000
1668507427000,45.47758,9.22623,161.078,0.761,279.004,4.000
1668507428000,45.47758,9.22622,161.055,0.766,275.766,4.000
1668507429000,45.47758,9.22621,161.018,0.773,275.834,4.000
1668507430000,45.47758,9.22620,160.962,0.782,282.317,4.000
1668507431000,45.47758,9.22619,160.999,0.780,282.874,4.000
1668507432000,45.47758,9.22618,160.994,0.775,288.168,4.000
1668507433000,45.47758,9.22617,161.051,0.759,284.368,4.000
1668507434000,45.47758,9.22617,160.806,0.740,280.630,4.000
1668507435000,45.47759,9.22616,160.878,0.741,285.662,4.000
1668507436000,45.47759,9.22615,160.910,0.738,279.201,4.000
1668507437000,45.47759,9.22614,160.805,0.732,278.740,4.000
1668507438000,45.47759,9.22613,160.791,0.728,285.683,4.000
1668507439000,45.47759,9.22612,160.802,0.721,285.751,4.000
1668507440000,45.47759,9.22612,160.797,0.703,287.363,4.000
1668507441000,45.47760,9.22611,160.850,0.716,288.846,4.000
1668507442000,45.47760,9.22610,160.809,0.726,294.101,4.000
1668507443000,45.47760,9.22609,160.818,0.742,291.472,4.000
1668507444000,45.47761,9.22608,160.822,0.739,290.930,4.000
1668507445000,45.47761,9.22607,160.820,0.735,291.817,4.000
1668507446000,45.47761,9.22606,160.846,0.740,290.095,4.000
1668507447000,45.47761,9.22605,160.839,0.739,293.279,4.000
1668507448000,45.47761,9.22604,160.830,0.736,295.536,4.000
1668507449000,45.47762,9.22603,160.828,0.737,297.159,4.000
1668507450000,45.47762,9.22602,160.804,0.745,296.908,4.000
1668507451000,45.47762,9.22601,160.872,0.755,298.287,4.000
1668507452000,45.47763,9.22600,160.922,0.766,296.174,4.000
1668507453000,45.47763,9.22599,160.898,0.757,293.778,4.000
1668507454000,45.47763,9.22598,160.873,0.764,296.524,4.000
1668507455000,45.47763,9.22597,160.944,0.767,294.922,4.000
1668507456000,45.47764,9.22596,160.911,0.769,293.905,4.000
1668507457000,45.47764,9.22596,160.940,0.768,297.444,4.000
1668507458000,45.47764,9.22595,160.957,0.760,297.653,4.000
1668507459000,45.47764,9.22594,161.000,0.761,290.797,4.000
1668507460000,45.47765,9.22593,161.000,0.757,290.236,4.000
1668507461000,45.47765,9.22592,160.927,0.755,295.470,4.000
1668507462000,45.47765,9.22591,160.950,0.748,296.164,4.000
1668507463000,45.47766,9.22591,160.945,0.747,295.751,4.000
1668507464000,45.47766,9.22590,160.959,0.732,295.723,4.000
1668507465000,45.47766,9.22589,161.191,0.723,295.820,4.000
1668507466000,45.47766,9.22588,161.141,0.718,294.384,4.000
1668507467000,45.47766,9.22588,161.264,0.713,295.654,4.000
1668507468000,45.47767,9.22587,161.192,0.701,298.079,4.000
1668507469000,45.47767,9.22586,161.025,0.698,303.359,4.000
1668507470000,45.47767,9.22585,161.038,0.688,302.399,4.000
1668507471000,45.47767,9.22585,161.005,0.683,303.037,4.000
1668507472000,45.47767,9.22584,160.972,0.672,292.364,4.000
1668507473000,45.47768,9.22583,160.734,0.675,303.899,4.000
1668507474000,45.47768,9.22582,160.659,0.672,303.753,4.000
1668507475000,45.47768,9.22581,160.678,0.664,293.852,4.000
1668507476000,45.47768,9.22581,160.322,0.615,295.590,4.000
1668507477000,45.47768,9.22581,160.349,0.368,295.590,4.000
1668507478000,45.47769,9.22581,160.335,0.290,295.590,4.000
1668507479000,45.47768,9.22580,160.395,0.221,295.590,4.000
1668507480000,45.47768,9.22580,160.392,0.030,295.590,4.000
1668507481000,45.47768,9.22580,160.410,0.002,295.590,4.000
1668507482000,45.47768,9.22580,160.461,0.025,295.590,4.000
1668507483000,45.47768,9.22580,160.513,0.033,295.590,4.000
1668507484000,45.47768,9.22580,160.589,0.043,295.590,4.000
1668507485000,45.47768,9.22580,160.556,0.037,295.590,4.000
1668507486000,45.47768,9.22580,160.546,0.014,295.590,4.000
1668507487000,45.47768,9.22581,160.612,0.026,295.590,4.000
